year,Afghanistan,Albania,Algeria,Andorra,Angola,Antigua and Barbuda,Argentina,Armenia,Australia,Austria,Azerbaijan,"Bahamas, The",Bahrain,Bangladesh,Barbados,Belarus,Belgium,Belize,Benin,Bhutan,Bolivia,Bosnia and Herzegovina,Botswana,Brazil,Brunei,Bulgaria,Burkina Faso,Burma,Burundi,Cabo Verde,Cambodia,Cameroon,Canada,Cape Verde,Central African Republic,Chad,Chile,China - Taiwan,China - mainland,Colombia,Comoros,"Congo, Dem. Rep. of the (Congo Kinshasa)","Congo, Dem. Rep. of the (Kinshasa)","Congo, Rep. of the (Brazzaville)","Congo, Rep. of the (Congo Brazzaville)",Costa Rica,Cote d'Ivoire,Cote d'Ivoire ,Croatia,Cuba,Cyprus,Czech Republic,Denmark,Djibouti,Dominica,Dominican Republic,Ecuador,Egypt,El Salvador,Equatorial Guinea,Eritrea,Estonia,Ethiopia,Fiji,Finland,France,Gabon,"Gambia, The",Georgia,Germany,Ghana,Grand Totals,Great Britain and Northern Ireland,Greece,Grenada,Guatemala,Guinea,Guinea-Bissau,Guyana,Haiti,Honduras,Hong Kong S.A.R.,Hungary,Iceland,India,Indonesia,Iran,Iraq,Ireland,Israel,Italy,Jamaica,Japan,Jordan,Kazakhstan,Kenya,Kiribati,"Korea, North","Korea, South",Kosovo,Kuwait,Kyrgyzstan,Laos,Latvia,Lebanon,Lesotho,Liberia,Libya,Liechtenstein,Lithuania,Luxembourg,Macau S.A.R.,Macedonia,Madagascar,Malawi,Malaysia,Maldives,Mali,Malta,Marshall Islands,Mauritania,Mauritius,Mexico,"Micronesia, Federated States of",Moldova,Monaco,Mongolia,Montenegro,Morocco,Mozambique,Namibia,Nauru,Nepal,Netherlands,New Zealand,Nicaragua,Niger,Nigeria,No Nationality,Norway,Oman,Pakistan,Palau,Palestinian Authority Travel Document,Panama,Papua New Guinea,Paraguay,Peru,Philippines,Poland,Portugal,Qatar,Romania,Russia,Rwanda,Saint Kitts and Nevis,Saint Lucia,Saint Vincent and the Grenadines,Samoa,San Marino,Sao Tome and Principe,Saudi Arabia,Senegal,Serbia,Serbia  ,Serbia and Montenegro,Seychelles,Sierra Leone,Singapore,Slovakia,Slovenia,Solomon Islands,Somalia,South Africa,South Sudan,Spain,Sri Lanka,Sudan,Suriname,Swaziland,Sweden,Switzerland,Syria,Tajikistan,Tanzania,Thailand,Timor-Leste,Togo,Tonga,Totals for Africa,Totals for Asia,Totals for Europe,Totals for North America,Totals for Oceania,Totals for South America,Totals for Unknown,Trinidad and Tobago,Tunisia,Turkey,Turkmenistan,Tuvalu,Uganda,Ukraine,United Arab Emirates,United Nations Laissez-Passer,Uruguay,Uzbekistan,Vanuatu,Vatican City,Venezuela,Vietnam,Yemen,Zambia,Zimbabwe
1997,2285.0,2616.0,6878.0,21.0,2401.0,3304.0,11226.0,5397.0,26973.0,8203.0,1482.0,16168.0,2948.0,12688.0,9957.0,5643.0,6236.0,7106.0,1115.0,224.0,12746.0,2893.0,850.0,575041.0,397.0,12957.0,1196.0,3452.0,461.0,,3050.0,2970.0,4062.0,4262.0,210.0,499.0,55696.0,344901.0,250503.0,176438.0,51.0,611.0,,,3175.0,50732.0,,4756.0,17303.0,7215.0,6872.0,46676.0,10830.0,398.0,2472.0,58919.0,62287.0,40696.0,39112.0,164.0,1343.0,5214.0,5297.0,4667.0,5585.0,37730.0,1161.0,1586.0,3615.0,72868.0,11593.0,5942061.0,243921.0,45609.0,3000.0,46396.0,3834.0,251.0,9201.0,16355.0,24875.0,5194.0,44051.0,2111.0,249715.0,78213.0,21164.0,2467.0,14573.0,129580.0,21665.0,37409.0,116093.0,15423.0,3805.0,9628.0,1001.0,1745.0,619011.0,,13038.0,1446.0,1019.0,4848.0,16144.0,210.0,2056.0,411.0,88.0,6954.0,413.0,,4482.0,796.0,891.0,67941.0,81.0,2999.0,5184.0,40.0,687.0,1777.0,548716.0,6.0,1586.0,26.0,1909.0,,16443.0,743.0,693.0,55.0,5709.0,16773.0,8774.0,19468.0,706.0,25077.0,46377.0,8546.0,2442.0,48695.0,29.0,3159.0,19583.0,873.0,7400.0,56017.0,145043.0,88277.0,47711.0,2784.0,24744.0,126222.0,705.0,1586.0,4801.0,2817.0,1594.0,20.0,47.0,51443.0,7134.0,,,18832.0,209.0,2056.0,63159.0,15157.0,10792.0,93.0,619.0,72221.0,,19721.0,8778.0,3362.0,3157.0,311.0,18652.0,16644.0,9914.0,409.0,3391.0,66674.0,,1063.0,2072.0,267210.0,2389684.0,1145164.0,967475.0,46409.0,1079655.0,46464.0,43422.0,7630.0,52118.0,565.0,164.0,2510.0,23427.0,10741.0,87.0,23274.0,3576.0,68.0,75.0,87172.0,8539.0,3419.0,2045.0,5032.0
1998,2164.0,3933.0,6597.0,24.0,2222.0,3144.0,12089.0,5673.0,28044.0,7832.0,1776.0,17782.0,2694.0,14154.0,11649.0,6167.0,6730.0,7055.0,1100.0,242.0,14521.0,3505.0,1238.0,496683.0,205.0,16262.0,1379.0,4083.0,431.0,,676.0,3303.0,4344.0,2885.0,210.0,716.0,55464.0,263967.0,255114.0,236891.0,47.0,652.0,,,2804.0,56032.0,,4627.0,18662.0,10473.0,6920.0,49031.0,10316.0,908.0,3062.0,61940.0,66942.0,41717.0,56644.0,160.0,1227.0,5206.0,5912.0,4645.0,5977.0,39931.0,1155.0,1646.0,5815.0,72488.0,13291.0,5814153.0,175882.0,41622.0,4512.0,55387.0,5992.0,185.0,8392.0,20551.0,32672.0,35766.0,40435.0,2485.0,295220.0,38837.0,23296.0,2378.0,16846.0,128338.0,22036.0,48904.0,117712.0,16320.0,4686.0,10646.0,951.0,1531.0,380645.0,,16240.0,1683.0,1168.0,5399.0,16265.0,309.0,2892.0,370.0,82.0,6987.0,381.0,,4961.0,914.0,948.0,37147.0,113.0,3329.0,4885.0,41.0,775.0,1756.0,741501.0,14.0,1815.0,27.0,2282.0,,18965.0,854.0,764.0,61.0,7008.0,17576.0,8435.0,18960.0,847.0,26966.0,23225.0,8581.0,2760.0,44574.0,6.0,3172.0,18284.0,901.0,7329.0,55059.0,151182.0,89748.0,45619.0,2866.0,26193.0,137960.0,1192.0,1742.0,5746.0,3337.0,1601.0,20.0,102.0,51067.0,8441.0,,,16984.0,247.0,1462.0,50379.0,14851.0,1609.0,124.0,783.0,73354.0,,19507.0,10707.0,3207.0,3071.0,289.0,18779.0,17883.0,10423.0,241.0,3564.0,33371.0,,1228.0,1982.0,284071.0,2047626.0,1099114.0,1227651.0,47053.0,1085251.0,23387.0,43930.0,8080.0,57494.0,496.0,172.0,3188.0,25270.0,11310.0,162.0,22314.0,3766.0,76.0,77.0,106496.0,8963.0,3287.0,2261.0,5934.0
1999,2217.0,4912.0,6454.0,25.0,2843.0,4150.0,12636.0,12271.0,30576.0,8205.0,2330.0,24987.0,2502.0,16119.0,12447.0,8583.0,6443.0,9499.0,1433.0,329.0,20543.0,6005.0,1153.0,313034.0,142.0,18558.0,1353.0,4386.0,506.0,,895.0,5106.0,4935.0,2909.0,232.0,591.0,55311.0,269802.0,252673.0,280238.0,43.0,791.0,,,2566.0,54387.0,,4393.0,20165.0,9197.0,7180.0,44457.0,10111.0,569.0,4226.0,69371.0,45104.0,43486.0,67590.0,234.0,1963.0,6278.0,6702.0,5735.0,6141.0,41872.0,1282.0,2012.0,7587.0,74756.0,18690.0,6192478.0,155011.0,42281.0,5918.0,64388.0,3456.0,153.0,7194.0,26565.0,31209.0,24374.0,40975.0,1944.0,331784.0,50835.0,23362.0,2395.0,18811.0,129303.0,22946.0,71331.0,112944.0,19403.0,4515.0,11483.0,757.0,1643.0,402418.0,,13923.0,1605.0,1135.0,6090.0,20523.0,248.0,2692.0,436.0,79.0,6924.0,429.0,,5287.0,1097.0,1101.0,42892.0,180.0,3098.0,5114.0,59.0,1051.0,1818.0,1108588.0,8.0,2159.0,15.0,2922.0,,20991.0,921.0,902.0,70.0,5969.0,16829.0,9265.0,15606.0,1240.0,28208.0,22851.0,8135.0,2996.0,49769.0,2.0,3398.0,21715.0,1063.0,7471.0,61792.0,146603.0,103177.0,42872.0,2550.0,25298.0,106126.0,1237.0,2770.0,7919.0,4695.0,1679.0,30.0,85.0,56495.0,9028.0,,,12898.0,266.0,1301.0,35423.0,14604.0,1227.0,143.0,892.0,68685.0,,21326.0,11687.0,3778.0,2276.0,298.0,17607.0,17896.0,12416.0,456.0,5265.0,47041.0,,1140.0,2895.0,299726.0,2127317.0,1081904.0,1666356.0,52565.0,941607.0,23003.0,44863.0,9830.0,65574.0,457.0,227.0,4333.0,22248.0,11365.0,152.0,16776.0,5004.0,86.0,76.0,119232.0,8839.0,3665.0,2864.0,6518.0
2000,1991.0,7245.0,6685.0,24.0,3529.0,3462.0,13793.0,12488.0,31145.0,7772.0,2582.0,18010.0,2815.0,17013.0,11099.0,8867.0,6958.0,11125.0,1481.0,335.0,34751.0,8414.0,1387.0,261096.0,210.0,19401.0,1355.0,5431.0,671.0,,2550.0,5403.0,5237.0,3321.0,344.0,596.0,66451.0,279153.0,315536.0,195058.0,71.0,3229.0,,,866.0,57594.0,,3991.0,21197.0,44283.0,7307.0,42932.0,9569.0,715.0,2817.0,50171.0,38763.0,48883.0,73054.0,316.0,1694.0,6444.0,7185.0,4946.0,5776.0,45188.0,1323.0,2835.0,4149.0,74915.0,18482.0,7141636.0,163150.0,43567.0,4506.0,64733.0,3885.0,266.0,5891.0,27609.0,36776.0,25857.0,42908.0,1833.0,396853.0,70299.0,24932.0,2993.0,20407.0,143297.0,22648.0,82190.0,111140.0,21811.0,5161.0,12971.0,702.0,1634.0,479205.0,,10443.0,1825.0,1454.0,7144.0,24697.0,323.0,4885.0,445.0,88.0,14193.0,393.0,1341.0,4966.0,1156.0,1396.0,52173.0,239.0,5433.0,5156.0,57.0,1436.0,1898.0,1762402.0,16.0,2885.0,35.0,2792.0,,19813.0,1116.0,957.0,272.0,6652.0,17682.0,9895.0,13017.0,1510.0,27294.0,21023.0,8311.0,2949.0,88791.0,13.0,3734.0,23316.0,775.0,7500.0,81782.0,169408.0,110471.0,5576.0,2917.0,27213.0,99051.0,1424.0,2135.0,6827.0,3721.0,2030.0,25.0,97.0,60508.0,12156.0,,,14167.0,279.0,1750.0,7475.0,16746.0,1212.0,88.0,995.0,71605.0,,21961.0,12756.0,4598.0,2342.0,455.0,17679.0,16341.0,14344.0,469.0,5719.0,61300.0,16.0,1559.0,2548.0,327568.0,2456459.0,1095296.0,2361973.0,52835.0,826236.0,21269.0,57889.0,11905.0,76539.0,548.0,175.0,4627.0,27185.0,12000.0,246.0,2395.0,6471.0,173.0,62.0,116414.0,13339.0,4076.0,3312.0,7941.0
2001,1988.0,7661.0,7069.0,11.0,3565.0,2813.0,15375.0,11125.0,32472.0,7333.0,2469.0,17354.0,2826.0,18731.0,10258.0,8166.0,6059.0,10198.0,1336.0,407.0,16387.0,8805.0,1322.0,240609.0,154.0,22763.0,1952.0,4505.0,901.0,,4439.0,6891.0,5475.0,5986.0,468.0,620.0,64395.0,242547.0,345748.0,197407.0,112.0,4312.0,,,1093.0,47076.0,,4702.0,20340.0,27800.0,6383.0,40541.0,8667.0,510.0,2002.0,52738.0,69906.0,50138.0,96748.0,362.0,1704.0,6150.0,7132.0,4340.0,5648.0,47323.0,1308.0,2934.0,4062.0,72567.0,19995.0,7588778.0,158112.0,40183.0,2954.0,71352.0,5058.0,260.0,12508.0,25623.0,35202.0,30764.0,32982.0,1899.0,416559.0,68736.0,22749.0,3546.0,21074.0,147745.0,20606.0,71271.0,112062.0,25472.0,5368.0,20971.0,936.0,1489.0,430855.0,,9537.0,1704.0,2415.0,7556.0,28440.0,221.0,3015.0,500.0,71.0,20466.0,363.0,1611.0,6340.0,1136.0,1290.0,53191.0,203.0,6048.0,4348.0,70.0,1588.0,1818.0,2220330.0,10.0,2365.0,20.0,3498.0,,18958.0,1084.0,875.0,121.0,7539.0,16452.0,11088.0,13593.0,1600.0,42222.0,17383.0,7721.0,2968.0,75512.0,19.0,4700.0,20719.0,613.0,7339.0,107768.0,195328.0,105365.0,4685.0,2625.0,33662.0,97638.0,980.0,1779.0,3570.0,2850.0,2638.0,10.0,82.0,46636.0,10265.0,,,16807.0,256.0,1910.0,7991.0,19662.0,1270.0,108.0,989.0,66541.0,,21594.0,10499.0,4930.0,2109.0,367.0,15637.0,14707.0,13502.0,511.0,6414.0,59127.0,29.0,2773.0,2762.0,348935.0,2441707.0,1065039.0,2794848.0,55511.0,865116.0,17622.0,53143.0,6759.0,64139.0,718.0,217.0,4239.0,28776.0,11505.0,239.0,2486.0,6097.0,117.0,58.0,128827.0,20446.0,3083.0,5012.0,6362.0
2002,1121.0,6194.0,3694.0,32.0,2545.0,2962.0,90474.0,7144.0,29133.0,6343.0,2069.0,14317.0,1193.0,10407.0,8979.0,8676.0,6128.0,6890.0,855.0,369.0,9408.0,6248.0,1191.0,129605.0,178.0,21730.0,1507.0,2994.0,832.0,,3371.0,7476.0,6887.0,3295.0,434.0,628.0,46144.0,184827.0,288100.0,182721.0,67.0,2783.0,,,736.0,38530.0,,3661.0,15359.0,21822.0,4557.0,30252.0,7468.0,184.0,1419.0,49038.0,76826.0,20397.0,58012.0,428.0,1693.0,5653.0,5859.0,2892.0,5226.0,38105.0,1128.0,4119.0,4288.0,62632.0,19061.0,5769437.0,114976.0,28851.0,1905.0,41899.0,4362.0,157.0,12821.0,22297.0,30434.0,22676.0,20378.0,1506.0,332546.0,36395.0,13071.0,2086.0,16561.0,108892.0,18949.0,44991.0,101433.0,13174.0,5193.0,14204.0,748.0,761.0,353457.0,,3776.0,1808.0,2282.0,6995.0,12169.0,266.0,1896.0,289.0,60.0,12968.0,278.0,930.0,5659.0,944.0,1142.0,27452.0,145.0,4377.0,2617.0,52.0,831.0,1369.0,1582674.0,11.0,2518.0,23.0,6371.0,,11484.0,1063.0,747.0,38.0,7708.0,15389.0,9022.0,12548.0,1117.0,42575.0,13478.0,7917.0,1522.0,29613.0,16.0,1737.0,16818.0,543.0,5202.0,67807.0,180844.0,103161.0,4758.0,860.0,30033.0,91390.0,800.0,1344.0,2856.0,2415.0,2163.0,24.0,92.0,14126.0,5301.0,,,17674.0,229.0,1415.0,7423.0,19314.0,1358.0,103.0,284.0,49805.0,,18619.0,6304.0,2188.0,1743.0,304.0,12701.0,14714.0,6679.0,534.0,4245.0,43415.0,46.0,1955.0,1869.0,249341.0,1854945.0,888078.0,2001390.0,46945.0,715068.0,13670.0,32353.0,2096.0,46965.0,504.0,283.0,3422.0,21560.0,1906.0,192.0,3295.0,3956.0,72.0,63.0,89022.0,21409.0,1177.0,3149.0,4660.0
2003,1346.0,5996.0,3114.0,23.0,2418.0,3795.0,88256.0,5483.0,28488.0,5840.0,2514.0,11609.0,1490.0,8444.0,12063.0,11051.0,7589.0,6413.0,944.0,367.0,8443.0,6516.0,1048.0,108795.0,168.0,23034.0,1426.0,3232.0,535.0,,4019.0,7634.0,5454.0,1483.0,150.0,603.0,39491.0,152577.0,216949.0,200359.0,63.0,2151.0,,,786.0,30845.0,,2495.0,15092.0,10122.0,4572.0,28858.0,6947.0,412.0,2047.0,44152.0,60088.0,15831.0,36636.0,415.0,1557.0,5356.0,7051.0,3598.0,4347.0,37463.0,838.0,3442.0,4991.0,59338.0,18386.0,4881634.0,105030.0,30413.0,3566.0,34283.0,3871.0,138.0,8335.0,20114.0,22999.0,20183.0,18410.0,1526.0,336516.0,31836.0,7486.0,1355.0,16991.0,102586.0,18929.0,36790.0,94329.0,12185.0,5264.0,11272.0,782.0,296.0,411445.0,,4723.0,1699.0,1953.0,7158.0,9758.0,260.0,1224.0,260.0,49.0,9395.0,256.0,613.0,3995.0,988.0,1110.0,24598.0,301.0,4310.0,2555.0,25.0,616.0,1291.0,1022013.0,10.0,2885.0,14.0,5060.0,,11401.0,956.0,802.0,21.0,6920.0,13838.0,8995.0,11162.0,1006.0,47593.0,7532.0,7697.0,1060.0,24092.0,22.0,2617.0,18074.0,488.0,4357.0,63410.0,125553.0,92814.0,4361.0,852.0,31040.0,96097.0,679.0,1999.0,5331.0,3382.0,1575.0,18.0,78.0,10635.0,5094.0,,,16862.0,181.0,1550.0,6896.0,18017.0,1185.0,101.0,191.0,51347.0,,17083.0,8693.0,1658.0,1737.0,285.0,11712.0,8919.0,5189.0,730.0,4111.0,38481.0,56.0,1767.0,1187.0,239056.0,1704851.0,853938.0,1366152.0,45599.0,664349.0,7689.0,23303.0,2259.0,42794.0,588.0,232.0,3566.0,26608.0,1490.0,157.0,10712.0,3957.0,75.0,39.0,70366.0,17210.0,1292.0,2337.0,4073.0
2004,1539.0,5620.0,3727.0,26.0,2645.0,4100.0,82393.0,5474.0,30387.0,5536.0,2397.0,16673.0,1610.0,8720.0,13128.0,9421.0,6693.0,5203.0,1123.0,438.0,10581.0,7577.0,1218.0,159103.0,181.0,25244.0,1617.0,3764.0,705.0,,5080.0,7085.0,6037.0,1438.0,166.0,703.0,39973.0,189854.0,262963.0,194720.0,79.0,2412.0,,,741.0,31744.0,,2803.0,15657.0,11843.0,4727.0,30632.0,8352.0,294.0,2336.0,35780.0,49504.0,18562.0,25146.0,506.0,1721.0,5188.0,6077.0,4255.0,4504.0,36829.0,888.0,2188.0,5130.0,60150.0,20951.0,5049099.0,112101.0,32755.0,3831.0,29271.0,3751.0,162.0,5761.0,23268.0,22808.0,30365.0,18569.0,1507.0,389398.0,41421.0,9125.0,2366.0,13456.0,104115.0,20954.0,44458.0,95360.0,12861.0,5780.0,13528.0,825.0,222.0,344213.0,,5661.0,1662.0,2466.0,7283.0,14331.0,243.0,1483.0,405.0,38.0,8150.0,319.0,744.0,3963.0,1154.0,1109.0,34750.0,256.0,2746.0,3194.0,35.0,700.0,1655.0,912892.0,20.0,3114.0,32.0,4595.0,,12194.0,856.0,901.0,24.0,6755.0,15115.0,9648.0,12879.0,1175.0,44653.0,3744.0,8139.0,1578.0,24934.0,17.0,2381.0,19574.0,467.0,4873.0,79348.0,127185.0,109986.0,4374.0,965.0,38872.0,102272.0,948.0,2673.0,4475.0,3583.0,1479.0,14.0,85.0,11985.0,5199.0,,,18046.0,160.0,1685.0,8723.0,17468.0,1195.0,94.0,181.0,56634.0,,18067.0,9761.0,1555.0,1727.0,365.0,12393.0,9016.0,6027.0,641.0,4120.0,48310.0,68.0,1795.0,1725.0,250912.0,1839535.0,910485.0,1272905.0,49235.0,722040.0,3987.0,41203.0,2874.0,46632.0,911.0,201.0,4085.0,31675.0,2533.0,243.0,14676.0,3563.0,58.0,72.0,79381.0,20522.0,1410.0,2564.0,4298.0
2005,1912.0,7391.0,4075.0,35.0,3240.0,2996.0,93847.0,5483.0,29449.0,6103.0,2359.0,23432.0,2305.0,9466.0,11950.0,9363.0,5553.0,5023.0,1268.0,451.0,9056.0,7722.0,1385.0,200321.0,189.0,26816.0,1861.0,4317.0,864.0,,4852.0,7276.0,5854.0,1733.0,234.0,779.0,37036.0,196909.0,325955.0,179759.0,103.0,2714.0,,,847.0,39546.0,,2349.0,16496.0,12939.0,4843.0,34024.0,8334.0,279.0,2222.0,60422.0,48246.0,23911.0,19666.0,598.0,1546.0,6183.0,5731.0,4270.0,5073.0,38616.0,1062.0,2042.0,4581.0,64601.0,13552.0,5388951.0,111818.0,36508.0,2407.0,36717.0,2661.0,141.0,6179.0,22926.0,28168.0,43108.0,21499.0,1491.0,378039.0,55570.0,10805.0,3418.0,16763.0,118331.0,22801.0,53564.0,89269.0,14500.0,7413.0,13947.0,629.0,202.0,386524.0,,7990.0,1612.0,2930.0,8555.0,13581.0,294.0,966.0,797.0,44.0,8097.0,318.0,1077.0,3859.0,1198.0,1267.0,36723.0,205.0,2879.0,3056.0,62.0,678.0,1752.0,906623.0,12.0,3825.0,37.0,4242.0,,11760.0,868.0,925.0,30.0,8097.0,15151.0,8950.0,13641.0,1313.0,43201.0,2890.0,9365.0,1908.0,28025.0,29.0,4170.0,20190.0,559.0,4883.0,59693.0,143364.0,120211.0,4950.0,1507.0,42038.0,121843.0,1024.0,2306.0,4439.0,3086.0,1252.0,23.0,96.0,17537.0,4602.0,,,18174.0,187.0,1462.0,9740.0,17342.0,1091.0,106.0,219.0,61063.0,,19208.0,12332.0,1604.0,1904.0,446.0,13185.0,9074.0,5558.0,794.0,4264.0,53694.0,94.0,1229.0,1997.0,252828.0,2029895.0,989019.0,1317323.0,47674.0,749111.0,3101.0,39206.0,3226.0,53121.0,902.0,266.0,3974.0,36208.0,3736.0,211.0,12829.0,5020.0,63.0,47.0,95358.0,25479.0,1784.0,2837.0,4499.0
2006,2043.0,6337.0,4614.0,26.0,3342.0,3390.0,97431.0,5009.0,31021.0,6176.0,2881.0,15743.0,2405.0,9409.0,12631.0,9749.0,5418.0,6314.0,1497.0,414.0,9931.0,7635.0,1089.0,283762.0,127.0,28643.0,2243.0,4366.0,1074.0,,4225.0,7334.0,5527.0,2115.0,239.0,730.0,44948.0,190634.0,382085.0,186738.0,111.0,2513.0,,,959.0,39268.0,2678.0,,15747.0,9046.0,4531.0,32118.0,8016.0,231.0,2090.0,77465.0,54738.0,30989.0,20493.0,643.0,1291.0,6302.0,7768.0,4167.0,4961.0,91454.0,1125.0,1341.0,6185.0,63201.0,11392.0,5836730.0,98367.0,33423.0,2889.0,35320.0,2923.0,149.0,4840.0,20332.0,29815.0,47454.0,23104.0,1295.0,437687.0,51825.0,11575.0,3255.0,15009.0,125018.0,53947.0,65405.0,85119.0,15165.0,9481.0,15892.0,527.0,148.0,436028.0,,9235.0,1754.0,3294.0,7571.0,16083.0,276.0,1120.0,1092.0,50.0,8462.0,356.0,1039.0,4592.0,1070.0,1079.0,38185.0,180.0,4487.0,2552.0,52.0,575.0,1679.0,910381.0,2.0,5087.0,20.0,5037.0,,10946.0,840.0,926.0,37.0,11285.0,15574.0,8816.0,13576.0,1209.0,37234.0,2534.0,9921.0,1734.0,39096.0,16.0,4597.0,22813.0,513.0,4824.0,55157.0,152102.0,113043.0,5126.0,1921.0,45321.0,130220.0,1192.0,1954.0,4703.0,3170.0,1113.0,17.0,71.0,25532.0,4635.0,2.0,,18663.0,186.0,1522.0,10384.0,18673.0,1039.0,102.0,205.0,57767.0,,17526.0,14185.0,1980.0,1914.0,432.0,13449.0,9101.0,5719.0,855.0,4429.0,61521.0,96.0,1038.0,1903.0,254922.0,2245528.0,1072000.0,1345083.0,48553.0,867923.0,2721.0,42758.0,3353.0,57878.0,941.0,235.0,4335.0,40732.0,4517.0,187.0,14054.0,4429.0,49.0,31.0,109586.0,28490.0,2314.0,2734.0,4228.0
2007,2611.0,6772.0,4855.0,51.0,3754.0,3229.0,112895.0,4471.0,32126.0,6024.0,3354.0,15356.0,2816.0,8539.0,11495.0,9650.0,6066.0,5827.0,1582.0,544.0,11579.0,7757.0,1322.0,359735.0,228.0,28838.0,2499.0,4127.0,1019.0,,3814.0,7698.0,5800.0,2225.0,258.0,920.0,49526.0,179254.0,443802.0,196100.0,96.0,2731.0,,,948.0,39057.0,2825.0,,17740.0,12723.0,4761.0,31315.0,8415.0,289.0,1788.0,70035.0,67215.0,31750.0,26966.0,683.0,869.0,7540.0,9346.0,4168.0,5442.0,44042.0,1086.0,1519.0,5219.0,65809.0,13076.0,6444285.0,94336.0,36891.0,2451.0,32553.0,2349.0,154.0,4339.0,32591.0,30933.0,50815.0,25531.0,1354.0,653060.0,44521.0,12442.0,3132.0,15389.0,163836.0,26010.0,71117.0,80982.0,17682.0,12173.0,17002.0,611.0,150.0,448636.0,,11246.0,2357.0,3676.0,8416.0,21683.0,259.0,1997.0,2010.0,69.0,9427.0,290.0,1223.0,6417.0,1013.0,1036.0,39649.0,216.0,2642.0,2826.0,53.0,503.0,1760.0,1015403.0,12.0,9591.0,24.0,4101.0,,10377.0,862.0,1031.0,17.0,12419.0,15610.0,8992.0,13926.0,1231.0,50251.0,2821.0,9831.0,1956.0,39145.0,18.0,2836.0,20736.0,468.0,5948.0,58677.0,202734.0,103183.0,5566.0,2408.0,43310.0,145725.0,1499.0,1703.0,3612.0,2961.0,973.0,24.0,79.0,28450.0,4212.0,,,22884.0,179.0,1862.0,9758.0,17294.0,1062.0,153.0,253.0,58357.0,,19083.0,12693.0,2421.0,2514.0,354.0,13701.0,10225.0,6770.0,1517.0,5239.0,68546.0,98.0,1233.0,2047.0,276618.0,2636244.0,1035890.0,1456277.0,50003.0,986248.0,3005.0,36015.0,3454.0,64751.0,961.0,282.0,4852.0,43673.0,5102.0,184.0,14587.0,3071.0,83.0,52.0,103133.0,38602.0,1942.0,2235.0,4562.0
2008,2454.0,8453.0,5947.0,29.0,3798.0,3071.0,121909.0,5162.0,35492.0,6084.0,4042.0,13103.0,3086.0,8627.0,12671.0,9532.0,6058.0,5520.0,1910.0,803.0,12846.0,6858.0,1466.0,449889.0,324.0,28681.0,2264.0,4397.0,972.0,,3824.0,7669.0,5909.0,2294.0,240.0,609.0,57011.0,171588.0,503433.0,204256.0,137.0,3512.0,,,934.0,42882.0,3415.0,,18730.0,13108.0,5862.0,33483.0,7903.0,385.0,1977.0,69050.0,63612.0,31197.0,27352.0,687.0,739.0,7954.0,9951.0,4471.0,5263.0,45891.0,1196.0,1544.0,5709.0,65890.0,18722.0,6603076.0,90603.0,41238.0,3097.0,44643.0,2255.0,149.0,4786.0,35463.0,30213.0,49802.0,27001.0,1259.0,632871.0,40498.0,12635.0,3714.0,16583.0,188440.0,24242.0,66541.0,76623.0,17295.0,14636.0,18939.0,666.0,137.0,389287.0,626.0,12737.0,2753.0,3155.0,8127.0,19888.0,272.0,1529.0,5375.0,53.0,9949.0,297.0,1251.0,6522.0,1403.0,1295.0,41148.0,268.0,3021.0,2943.0,62.0,659.0,2179.0,948829.0,12.0,10444.0,34.0,4109.0,525.0,15125.0,1085.0,1059.0,9.0,15751.0,16227.0,9151.0,15743.0,977.0,59748.0,3169.0,10389.0,2187.0,32666.0,7.0,2864.0,24446.0,611.0,6849.0,61272.0,194286.0,104855.0,6068.0,3302.0,44273.0,171776.0,1582.0,1757.0,4260.0,2871.0,821.0,20.0,70.0,36224.0,5561.0,,733.0,20948.0,188.0,1965.0,10058.0,16332.0,1112.0,150.0,227.0,61801.0,,20607.0,11421.0,2502.0,3069.0,379.0,13750.0,11138.0,6421.0,2190.0,5774.0,62199.0,144.0,1395.0,1312.0,312284.0,2626123.0,1102028.0,1403322.0,53089.0,1102836.0,3394.0,30816.0,3763.0,76191.0,839.0,246.0,5670.0,51456.0,6677.0,225.0,15183.0,3622.0,79.0,83.0,102154.0,47956.0,1573.0,1954.0,4795.0
2009,2775.0,7373.0,6581.0,27.0,4632.0,3450.0,133382.0,4880.0,31617.0,5704.0,4449.0,10425.0,2796.0,10544.0,12319.0,9380.0,6538.0,5635.0,1566.0,432.0,15661.0,6160.0,1226.0,484038.0,209.0,22021.0,2159.0,5335.0,892.0,,3545.0,7628.0,5079.0,2049.0,272.0,781.0,48152.0,129506.0,524949.0,208920.0,97.0,3253.0,,,1320.0,36774.0,3415.0,,16104.0,19624.0,5009.0,10024.0,7687.0,608.0,2269.0,70780.0,50285.0,33881.0,20637.0,800.0,773.0,2452.0,9382.0,3352.0,4491.0,43271.0,1160.0,2269.0,5530.0,59900.0,15618.0,5804182.0,81188.0,36533.0,3570.0,47755.0,1582.0,134.0,6561.0,25983.0,27853.0,32562.0,6980.0,887.0,499686.0,42378.0,17518.0,5020.0,13342.0,135434.0,22514.0,61899.0,66586.0,17720.0,11829.0,16827.0,666.0,76.0,122370.0,2194.0,16917.0,2664.0,2320.0,3564.0,17480.0,263.0,1368.0,3806.0,60.0,3156.0,296.0,987.0,5848.0,1275.0,1092.0,31059.0,254.0,2980.0,636.0,72.0,710.0,1968.0,862823.0,2.0,7125.0,41.0,5526.0,2131.0,15364.0,1091.0,944.0,20.0,10686.0,15059.0,7567.0,14067.0,1039.0,55581.0,2473.0,9364.0,2407.0,33730.0,15.0,2825.0,26927.0,728.0,6246.0,64974.0,176372.0,75856.0,5007.0,3732.0,31587.0,156958.0,1552.0,2263.0,4402.0,3074.0,968.0,15.0,65.0,56199.0,5208.0,,9705.0,7465.0,160.0,1710.0,9532.0,5631.0,996.0,97.0,237.0,49960.0,,22089.0,8512.0,2855.0,3168.0,442.0,12560.0,12598.0,7408.0,1733.0,5647.0,50726.0,142.0,1238.0,895.0,291318.0,2109079.0,907677.0,1290829.0,46237.0,1156377.0,2665.0,23221.0,3984.0,69513.0,1072.0,146.0,5355.0,43698.0,8879.0,192.0,15369.0,4725.0,92.0,58.0,119621.0,41854.0,2091.0,1830.0,4689.0
2010,2638.0,6853.0,6404.0,37.0,4506.0,2601.0,148656.0,4614.0,33114.0,5999.0,4895.0,12428.0,3196.0,11106.0,9631.0,10643.0,6213.0,4420.0,1691.0,511.0,16066.0,6403.0,1191.0,556061.0,266.0,20874.0,1890.0,5910.0,835.0,,3591.0,7795.0,4832.0,1826.0,275.0,582.0,51371.0,146149.0,706818.0,163777.0,85.0,3314.0,,,1522.0,44075.0,2944.0,,15042.0,23114.0,5276.0,6974.0,7637.0,516.0,1993.0,68102.0,59465.0,34890.0,26642.0,763.0,723.0,1505.0,9114.0,3468.0,4641.0,44601.0,1242.0,2636.0,5858.0,59963.0,13734.0,6422751.0,78874.0,19251.0,2626.0,52378.0,1128.0,134.0,5610.0,23970.0,30753.0,37865.0,5061.0,1181.0,528286.0,46052.0,19822.0,5905.0,14444.0,124142.0,23333.0,43171.0,65771.0,16023.0,14491.0,16029.0,470.0,53.0,106904.0,3554.0,16238.0,3258.0,1915.0,3349.0,16445.0,275.0,1809.0,5922.0,54.0,2868.0,268.0,1285.0,6135.0,1248.0,1215.0,36094.0,249.0,2624.0,265.0,67.0,1172.0,2204.0,1130478.0,3.0,8572.0,31.0,6944.0,3501.0,16740.0,1138.0,1047.0,15.0,9911.0,15043.0,7717.0,13243.0,978.0,64279.0,2656.0,10120.0,2385.0,31595.0,37.0,3652.0,26284.0,808.0,6705.0,64976.0,159897.0,73968.0,4652.0,4141.0,31647.0,175644.0,1701.0,1873.0,4007.0,2405.0,694.0,11.0,78.0,75535.0,4786.0,,16070.0,1021.0,250.0,1765.0,10412.0,4579.0,933.0,191.0,177.0,51052.0,,22459.0,9502.0,3217.0,2852.0,518.0,12686.0,12096.0,8427.0,1898.0,5959.0,54921.0,120.0,1253.0,1006.0,303851.0,2338370.0,919351.0,1553049.0,47774.0,1257519.0,2837.0,24023.0,4834.0,77344.0,1215.0,105.0,4644.0,45377.0,9173.0,181.0,16098.0,6018.0,79.0,52.0,165882.0,46192.0,2329.0,2629.0,4568.0
2011,3254.0,6077.0,5882.0,25.0,5678.0,2190.0,194533.0,4060.0,34230.0,6166.0,5040.0,11520.0,3534.0,11238.0,9207.0,10319.0,6236.0,4140.0,1662.0,486.0,13272.0,7136.0,1273.0,801371.0,375.0,24354.0,1967.0,6773.0,999.0,,3212.0,7579.0,6477.0,1835.0,248.0,609.0,70479.0,149731.0,945040.0,234700.0,130.0,3825.0,,,1664.0,41432.0,2689.0,,16166.0,18892.0,5305.0,7001.0,8295.0,576.0,1465.0,65261.0,78950.0,45449.0,28357.0,1027.0,762.0,1522.0,10950.0,3002.0,4699.0,45779.0,1392.0,1972.0,6028.0,63663.0,13138.0,7507939.0,85675.0,6233.0,2288.0,57401.0,1531.0,132.0,7495.0,24550.0,33259.0,43714.0,5458.0,1355.0,554267.0,62434.0,23864.0,8096.0,17752.0,137645.0,23023.0,49485.0,71218.0,18004.0,17405.0,14486.0,562.0,111.0,106994.0,3774.0,18003.0,3951.0,1371.0,3528.0,17816.0,281.0,2107.0,2494.0,63.0,3017.0,315.0,1732.0,7224.0,1200.0,1126.0,43598.0,331.0,3039.0,322.0,103.0,871.0,2439.0,1315116.0,13.0,8221.0,28.0,7142.0,3293.0,17559.0,1313.0,1266.0,40.0,9825.0,15316.0,8171.0,15089.0,995.0,63503.0,2821.0,10432.0,2869.0,33808.0,20.0,3809.0,24913.0,831.0,7862.0,70850.0,155150.0,73929.0,4906.0,5765.0,32627.0,204315.0,2078.0,1550.0,3343.0,1949.0,728.0,17.0,81.0,90728.0,4775.0,,18123.0,118.0,184.0,1971.0,10743.0,5211.0,1083.0,159.0,144.0,60152.0,73.0,25880.0,11517.0,3938.0,3156.0,438.0,13034.0,13777.0,8366.0,2045.0,5928.0,56885.0,174.0,1452.0,1083.0,325670.0,2693486.0,988489.0,1749529.0,49181.0,1698553.0,3031.0,31645.0,5069.0,91992.0,1243.0,116.0,5458.0,50086.0,11036.0,210.0,17443.0,5812.0,123.0,35.0,198442.0,50483.0,2345.0,2512.0,5769.0
2012,2884.0,6576.0,7364.0,30.0,7778.0,2212.0,261110.0,5294.0,35353.0,6382.0,5599.0,10065.0,3963.0,15911.0,8660.0,11018.0,7492.0,5362.0,1821.0,521.0,12064.0,6360.0,1341.0,1049689.0,379.0,23283.0,2588.0,6967.0,1147.0,,3663.0,7403.0,6537.0,2100.0,272.0,624.0,70281.0,125367.0,1283250.0,337336.0,131.0,,5320.0,1600.0,,42972.0,4622.0,,16524.0,20200.0,4921.0,6929.0,8554.0,538.0,1324.0,73006.0,95063.0,65831.0,31110.0,1203.0,942.0,1623.0,12674.0,2974.0,5072.0,44456.0,1321.0,1274.0,6004.0,63241.0,15651.0,8927090.0,84652.0,7034.0,1877.0,59134.0,1592.0,139.0,14306.0,29213.0,38415.0,46600.0,5505.0,1380.0,582098.0,65520.0,25446.0,10399.0,18530.0,132854.0,25216.0,49831.0,75071.0,21825.0,18257.0,15111.0,495.0,87.0,90927.0,4328.0,21826.0,3759.0,1800.0,3248.0,20578.0,341.0,3169.0,3226.0,67.0,2691.0,336.0,2134.0,7555.0,1153.0,1352.0,47027.0,263.0,2079.0,307.0,92.0,906.0,2533.0,1693133.0,19.0,7897.0,28.0,7041.0,3699.0,17936.0,1505.0,1338.0,43.0,10341.0,15037.0,7812.0,16911.0,1200.0,83944.0,3183.0,10726.0,4193.0,44619.0,28.0,4226.0,26826.0,757.0,8778.0,75701.0,198683.0,73378.0,5606.0,7011.0,32979.0,225070.0,2573.0,1390.0,2916.0,1789.0,854.0,12.0,82.0,103213.0,4824.0,,18111.0,38.0,233.0,1807.0,10926.0,4891.0,1107.0,156.0,202.0,62516.0,467.0,26401.0,11541.0,3771.0,4489.0,535.0,13366.0,12962.0,9408.0,1786.0,6208.0,57575.0,161.0,1521.0,814.0,387482.0,3130316.0,1022058.0,2157622.0,49633.0,2176646.0,3333.0,34739.0,6393.0,93124.0,1389.0,133.0,6322.0,54734.0,12404.0,150.0,19622.0,7462.0,103.0,32.0,228207.0,58117.0,3497.0,2955.0,6004.0
2013,3078.0,6251.0,8774.0,25.0,9091.0,2168.0,253004.0,6120.0,36735.0,6328.0,5987.0,8695.0,4593.0,28080.0,8671.0,10739.0,6695.0,5212.0,1598.0,564.0,15220.0,5466.0,1129.0,982463.0,438.0,20944.0,2709.0,8438.0,1385.0,,4683.0,7456.0,6805.0,2255.0,233.0,731.0,80419.0,31696.0,1467563.0,465249.0,147.0,,5174.0,1487.0,,41692.0,4614.0,,15612.0,36787.0,4039.0,7001.0,8787.0,374.0,1284.0,58851.0,112211.0,49489.0,27318.0,1470.0,1602.0,1614.0,13856.0,3666.0,5249.0,45532.0,1490.0,1259.0,6093.0,63451.0,14130.0,9164349.0,89711.0,7382.0,2232.0,51513.0,1814.0,157.0,15981.0,36518.0,41227.0,47941.0,5271.0,1698.0,684176.0,69740.0,26091.0,14529.0,19460.0,129369.0,26894.0,55118.0,76473.0,25348.0,19006.0,16740.0,467.0,56.0,80919.0,3868.0,24777.0,4288.0,3023.0,2343.0,26314.0,267.0,3521.0,4593.0,52.0,2688.0,304.0,2503.0,6779.0,1446.0,1335.0,44840.0,327.0,2519.0,311.0,58.0,1339.0,2844.0,1510106.0,21.0,7657.0,30.0,8892.0,3862.0,16177.0,1902.0,1305.0,21.0,11664.0,17994.0,8866.0,20052.0,1258.0,113503.0,4094.0,10407.0,5139.0,49097.0,23.0,5193.0,28657.0,966.0,11317.0,83651.0,183101.0,74690.0,5857.0,9608.0,36616.0,269692.0,2108.0,1415.0,3043.0,1996.0,791.0,19.0,72.0,108578.0,4876.0,,18503.0,,204.0,1785.0,10375.0,4968.0,1170.0,152.0,210.0,59038.0,508.0,27681.0,11984.0,3328.0,5305.0,480.0,14198.0,11795.0,15130.0,1456.0,5866.0,62484.0,181.0,1371.0,951.0,403507.0,3374661.0,1079540.0,1978628.0,52934.0,2270901.0,4178.0,29268.0,7220.0,95152.0,1344.0,128.0,6226.0,51934.0,16539.0,84.0,24877.0,8504.0,89.0,23.0,221204.0,67058.0,4079.0,2911.0,6131.0
2014,4421.0,6576.0,11676.0,27.0,9719.0,2277.0,231416.0,6787.0,38729.0,6598.0,6466.0,9929.0,5034.0,35025.0,8887.0,12419.0,7099.0,5484.0,1944.0,920.0,18353.0,6387.0,1278.0,1086906.0,480.0,20937.0,4210.0,9131.0,1271.0,2622.0,4331.0,8527.0,7196.0,,271.0,1294.0,42440.0,29084.0,1767596.0,460926.0,234.0,,6627.0,2004.0,,50237.0,5180.0,,15894.0,41001.0,4714.0,6898.0,9303.0,618.0,1345.0,61997.0,163854.0,56456.0,37482.0,1550.0,2737.0,1631.0,14081.0,4002.0,4832.0,47737.0,1659.0,1511.0,8568.0,65340.0,15171.0,9932480.0,92653.0,7461.0,2456.0,62818.0,2845.0,158.0,18074.0,33410.0,47548.0,53118.0,5371.0,1609.0,808287.0,68768.0,33961.0,16359.0,18495.0,130229.0,28402.0,82844.0,77860.0,31823.0,23384.0,20364.0,582.0,59.0,73200.0,4089.0,35257.0,3480.0,2611.0,2122.0,28983.0,288.0,4613.0,4766.0,53.0,2776.0,299.0,3131.0,6084.0,1731.0,1449.0,48247.0,380.0,2554.0,277.0,58.0,1844.0,2870.0,1478401.0,7.0,7321.0,30.0,9898.0,4296.0,19805.0,2214.0,1276.0,49.0,15180.0,18091.0,9437.0,19712.0,1265.0,141527.0,4575.0,10898.0,6503.0,63948.0,35.0,6534.0,29003.0,1084.0,11745.0,100726.0,179777.0,90245.0,6065.0,10896.0,43558.0,245638.0,2494.0,1942.0,3170.0,2230.0,987.0,19.0,76.0,142180.0,4654.0,,18061.0,,218.0,2095.0,10674.0,5202.0,1280.0,136.0,352.0,60238.0,637.0,30785.0,12760.0,4872.0,5260.0,472.0,14100.0,10703.0,12671.0,1498.0,6637.0,65363.0,169.0,1688.0,1310.0,469732.0,3921977.0,1116741.0,2019528.0,56597.0,2343179.0,4726.0,30159.0,8100.0,100884.0,1676.0,89.0,6539.0,62976.0,21941.0,151.0,28738.0,8613.0,92.0,34.0,174741.0,89346.0,5842.0,3093.0,7358.0
2015,4156.0,8260.0,13689.0,27.0,10565.0,2234.0,252525.0,8292.0,40290.0,7356.0,7507.0,15607.0,4921.0,21636.0,9408.0,14505.0,7024.0,4745.0,2155.0,962.0,23118.0,6121.0,1502.0,930306.0,335.0,20854.0,5424.0,10357.0,1327.0,3536.0,3662.0,10089.0,7495.0,,285.0,1352.0,14223.0,30601.0,2626584.0,368358.0,144.0,,6851.0,1707.0,,61248.0,5813.0,,16373.0,22797.0,4481.0,7732.0,8999.0,609.0,1275.0,93071.0,157430.0,55317.0,60875.0,1096.0,2810.0,1514.0,14573.0,4742.0,5327.0,48378.0,1946.0,1228.0,8823.24,65798.0,11660.0,10891745.24,93516.0,7339.0,2110.0,55618.0,2205.0,176.0,30757.0,36966.0,49311.0,61288.0,5406.0,2048.0,961423.0,70297.0,35363.0,13499.0,18606.0,160249.0,29132.0,101025.0,75700.0,43475.0,20264.0,22090.0,557.0,89.0,73402.0,4162.0,31634.0,3236.0,2305.0,2275.0,26150.0,318.0,4545.0,3303.0,55.0,3037.0,378.0,3464.0,5505.0,1910.0,1737.0,43783.0,325.0,2359.0,311.0,57.0,1607.0,3685.0,1479109.0,5.0,7045.0,45.0,10803.0,5597.0,20320.0,2282.0,1400.0,40.0,21992.0,18553.0,9809.0,19656.0,1599.0,156147.0,3427.0,9106.0,6122.0,74150.0,31.0,7381.0,34036.0,1583.0,12145.0,111918.0,198571.0,95097.0,5704.0,9366.0,47352.0,159896.0,2245.0,2005.0,3373.0,2080.0,1180.0,25.0,90.0,133235.0,4684.0,,19411.0,,236.0,1963.0,11958.0,5632.0,1430.0,167.0,331.0,61997.0,603.0,30580.0,14337.0,5080.0,6121.0,511.0,12733.0,11282.0,10061.0,1860.0,8061.0,63952.0,165.0,1983.0,2277.0,493795.0,4999886.0,1069368.24,2091354.0,60960.0,2172848.0,3534.0,27310.0,7596.0,105519.0,1570.0,77.0,7917.0,77203.0,20403.0,107.0,28021.0,11043.0,145.0,44.0,237926.0,107205.0,4525.0,3394.0,7743.0
2016,3812.0,10242.0,16107.0,38.0,6409.0,2759.0,308633.0,11444.0,47083.0,8923.0,8088.0,14500.0,5397.0,17715.0,11362.0,18008.0,8674.0,5016.0,2221.0,876.0,28441.0,6555.0,1423.0,503642.0,260.0,20921.0,5925.0,13138.0,1321.0,3821.0,5407.0,12418.0,8519.0,,296.0,1355.0,14322.0,33043.0,2264412.0,397086.0,170.0,,8003.0,1648.0,,75116.0,6709.0,,16939.0,14291.0,5391.0,7917.0,10609.0,1201.0,1603.0,146442.0,156327.0,68639.0,51474.0,1075.0,4181.0,1499.0,20390.0,4881.0,5849.0,53099.0,1891.0,1348.0,6399.0,79124.0,12446.0,10381491.0,105905.0,8138.0,2198.0,60845.0,2988.0,179.0,51646.0,45330.0,54411.0,68834.0,6304.0,2347.0,977825.0,72993.0,29404.0,15416.0,18237.0,183919.0,35369.0,120262.0,80948.0,35337.0,15996.0,27079.0,581.0,100.0,77370.0,4710.0,31082.0,4110.0,2211.0,2416.0,25281.0,377.0,4015.0,2307.0,56.0,3518.0,424.0,4115.0,6189.0,2080.0,1814.0,44009.0,232.0,2956.0,386.0,47.0,1491.0,3794.0,1400179.0,24.0,7947.0,22.0,10731.0,6154.0,19897.0,2300.0,1545.0,154.0,26859.0,21259.0,11405.0,19254.0,1710.0,179145.0,3485.0,9101.0,5792.0,78637.0,32.0,10244.0,35925.0,993.0,12491.0,95252.0,220301.0,102494.0,6372.0,8762.0,51748.0,190026.0,2920.0,2217.0,3722.0,2339.0,1029.0,23.0,68.0,109590.0,5791.0,,23077.0,,235.0,1761.0,12391.0,6094.0,1513.0,340.0,451.0,61273.0,543.0,33680.0,14881.0,6979.0,4454.0,631.0,18333.0,12549.0,9096.0,1955.0,6737.0,66394.0,153.0,2122.0,2470.0,551154.0,4704072.0,1185368.0,2109989.0,69300.0,1757970.0,3638.0,32225.0,9228.0,114504.0,1587.0,107.0,7945.0,72624.0,20117.0,153.0,29315.0,10456.0,154.0,26.0,156361.0,111785.0,5203.0,3325.0,8471.0
